{"cameraMode":{"drawMode":0,"name":"Shaded","section":"Shading Mode"},"sceneLighting":true,"audioPlay":false,"sceneViewState":{"m_AlwaysRefresh":false,"showFog":true,"showSkybox":true,"showFlares":true,"showImageEffects":true,"showParticleSystems":true,"showVisualEffectGraphs":true,"m_FxEnabled":true},"in2DMode":false,"pivot":{"x":0.8648001551628113,"y":0.16613851487636567,"z":-4.837895393371582},"rotation":{"x":-0.3920195400714874,"y":0.13366486132144929,"z":-0.05768415704369545,"w":-0.9083875417709351},"size":0.9293944239616394,"orthographic":false}